"ТЭН для стиральных машин прямой Indesit-Ariston / LG / Samsung / Wirlpool / GORENJE /Bosch",https://grepan.ua/indesit-ariston-lg-samsung-wirlpool-gorenje-bosch.html
"ТЭН самовар нерж. ""Бублик"" 1 кВт ",https://grepan.ua/1.html
"ТЭН для стиральных машин c плавным загибом",https://grepan.ua/c.html
"ТЭН для стиральных машин прямой (удлиненный)",https://grepan.ua/tjen-dlja-stiral-nyh-mashin-prjamoj-udlin.html
"ТЭН для стиральной машины с резким загибом",https://grepan.ua/tjen-dlja-stir-mash-s-rezkim-zagibom.html
"ТЭН для стиральной машины без внутренней петли",https://grepan.ua/tjen-dlja-stir-mash-bez-vnutrennej-petli.html
"ТЭН чайник нерж. 1 кВт",https://grepan.ua/1-1.html
"ТЭН тульский нерж. 1 кВт",https://grepan.ua/1-3.html
"ТЭН соковарка, 1,25 кВт",https://grepan.ua/1-4.html
"ТЭН для промышленного чаеварения 2,0 кВт",https://grepan.ua/2-0.html
"ТЭН автомобильный 12 В (внутренний монтаж)",https://grepan.ua/12.html
"ТЭН автомобильный 24 В (внутренний монтаж)",https://grepan.ua/24.html
"Автомобильный ТЭН для антифриза",https://grepan.ua/avtomobil-nyj-tjen-dlja-antifriza.html
"Автомобильный ТЭН для тосола 1,5 кВт",https://grepan.ua/1-5.html
"ТЭН автомобильный 24 В (внешний монтаж)",https://grepan.ua/24-1.html
"ТЭН автомобильный 12 В (внешний монтаж)",https://grepan.ua/12-1.html
"П-образка 1,0 кВт нерж. М22х1,5",https://grepan.ua/1-0-22-1-5.html
"П-образка 1,5 кВт нерж. М22х1,5",https://grepan.ua/1-5-22-1-5.html
"П-образка 2,0 кВт нерж. М22х1,5",https://grepan.ua/2-0-22-1-5.html
"П-образка 2,5 кВт нерж. М22х1,5",https://grepan.ua/2-5-22-1-5.html
"П-образка 3,0 кВт нерж. М22х1,5",https://grepan.ua/3-0-22-1-5.html
"П-образка 3,5 кВт нерж. М22х1,5",https://grepan.ua/3-5-22-1-5.html
"П-образка 4,0 кВт нерж. М22х1,5",https://grepan.ua/4-0-22-1-5.html
"П-образка 5,0 кВт нерж. М22х1,5",https://grepan.ua/5-0-22-1-5.html
"ТЭН для сауны 2,0 кВт",https://grepan.ua/2-5.html
"ТЭН для сауны 2,0 кВт 4 рожка",https://grepan.ua/2-0-4.html
"ТЭН для сауны 2,0 кВт 3 рожка",https://grepan.ua/2-0-3.html
"ТЭН для сауны 2,75 кВт",https://grepan.ua/2-75.html
"ТЭН для сауны 2,5 кВт прямой",https://grepan.ua/2-5-2.html
"ТЭН для сауны 2,5 кВт широкий",https://grepan.ua/2-5-3.html
"Батарейный ТЭН 3/4 "" медный 0,7 кВт",https://grepan.ua/3-4-0-7.html
"Батарейный 1"" ТЭН 0,39 кВт",https://grepan.ua/1-0-39.html
"Батарейный 1"" ТЭН 0,65 кВт",https://grepan.ua/1-0-65.html
"Батарейный 1"" ТЭН 0,91 кВт",https://grepan.ua/1-0-91.html
"Батарейный 1"" ТЭН 1,3 кВт",https://grepan.ua/1-1-3.html
"Батарейный 1"" ТЭН 1,5 кВт",https://grepan.ua/1-1-5.html
"Батарейный 1"" ТЭН 0,5 кВт",https://grepan.ua/1-0-5.html
"Батарейный 1"" ТЭН 0,7 кВт",https://grepan.ua/1-0-7.html
"Батарейный 1"" ТЭН 1,0 кВт",https://grepan.ua/1-1-0.html
"Батарейный 1"" ТЭН 1,2 кВт",https://grepan.ua/1-1-2.html
"Батарейный 1"" ТЭН 1,5 кВт",https://grepan.ua/1-1-5-1.html
"Батарейный ТЭН 1/2 "" 0,5 кВт",https://grepan.ua/1-2-0-5.html
"Батарейный ТЭН 1/2 "" 0,7 кВт",https://grepan.ua/1-2-0-7.html
"Батарейный ТЭН 1/2 "" 1,0 кВт",https://grepan.ua/1-2-1-0.html
"Батарейный ТЭН 1/2 "" 1,2 кВт",https://grepan.ua/1-2-1-2.html
"Батарейный ТЭН 1/2 "" 1,5 кВт",https://grepan.ua/1-2-1-5.html
"Батарейный ТЭН 3/4 "" медный 1,0 кВт",https://grepan.ua/3-4-1-0.html
"Батарейный ТЭН 3/4 "" медный 1,2 кВт",https://grepan.ua/3-4-1-2.html
"Батарейный ТЭН 3/4 "" медный 1,5 кВт",https://grepan.ua/3-4-1-5.html
"Батарейный ТЭН 3/4 "" медный 2,0 кВт",https://grepan.ua/3-4-2-0.html
"Батарейный ТЭН 3/4 "" медный 2,5 кВт",https://grepan.ua/3-4-2-5.html
"Батарейный ТЭН 3/4 "" медный 3,0 кВт",https://grepan.ua/3-4-3-0.html
"П-образка 1,0 кВт нерж. ",https://grepan.ua/1-0-22-1-5-1.html
"П-образка 1,5 кВт нерж. ",https://grepan.ua/1-5-22-1-5-1.html
"П-образка 2,0 кВт нерж. ",https://grepan.ua/2-0-22-1-5-1.html
"П-образка 2,5 кВт нерж. ",https://grepan.ua/2-5-22-1-5-1.html
"Котловой ТЭН 2,0 кВт нерж.",https://grepan.ua/2-0-5.html
"Котловой ТЭН 2,0 кВт черн.",https://grepan.ua/2-0-6.html
"Котловой ТЭН 2,5 кВт нерж.",https://grepan.ua/2-5-5.html
"Котловой ТЭН 2,5 кВт черн.",https://grepan.ua/2-5-6.html
"Котловой ТЭН 3,0 кВт нерж.",https://grepan.ua/3-0.html
"Котловой ТЭН 3,0 кВт черн.",https://grepan.ua/3-0-3.html
"Котловой ТЭН 3,5 кВт нерж.",https://grepan.ua/3-5.html
"Котловой ТЭН 3,5 кВт черн.",https://grepan.ua/3-5-3.html
"Котловой ТЭН 5,0 кВт нерж.",https://grepan.ua/5-0.html
"Котловой ТЭН 5,0 кВт черн.",https://grepan.ua/5-0-3.html
"""Ромашка"" 3,15 кВт нерж.",https://grepan.ua/3-15.html
"""Ромашка"" 3,15 кВт черн.",https://grepan.ua/3-15-1.html
"ТЭН котловой ""Копыто"" 2,5 кВт нержавейка",https://grepan.ua/2-5-7.html
"ТЭН котловой ""Копыто"" 2,5 кВт черный",https://grepan.ua/2-5-8.html
"ТЭН для Ariston 1,5 кВт на фланце",https://grepan.ua/ariston-1-5.html
"ТЭН для Ariston 2,0 кВт на фланце",https://grepan.ua/ariston-2-0.html
"ТЭН MTS на ARISTON с овальным фланцем 1,5 кВт (Thermowatt)",https://grepan.ua/mts-ariston-1-5-sanal.html
"ТЭН MTS на ARISTON с овальным фланцем 1,5 кВт",https://grepan.ua/mts-ariston-1-5.html
"ТЭН (Atlantic) на THERMEX 2000 Вт (спиралевидный)",https://grepan.ua/atlantic-thermex-2000.html
"ТЭН для бойлера типа Ariston 1,2 кВт",https://grepan.ua/ariston-1-2.html
"ТЭН для бойлера типа Ariston 1,5 кВт",https://grepan.ua/ariston-1-5-1.html
"Анод (Украина) универсальный",https://grepan.ua/anod-ukraina-universal-nyj.html
"Анод (Украина) короткий",https://grepan.ua/anod-ukraina-korotkij.html
"Анод (Европа) длинный",https://grepan.ua/anod-evropa-dlinnyj.html
"Анод (Европа) короткий",https://grepan.ua/anod-evropa-korotkij.html
"ТЭН для духовки (аналог HANSA)",https://grepan.ua/hansa.html
"ТЭН для духовки Bеко 1,1 кВт (верхний)",https://grepan.ua/beko-1-1.html
"ТЭН для духовки Beko 1,1 кВт (нижний)",https://grepan.ua/beko-1-1-1.html
"ТЭН для духовки Beko 2,4 кВт",https://grepan.ua/beko-2-4.html
"ТЭН для духовки №5",https://grepan.ua/5-6.html
"ТЭН Турбо 2,0 кВт ",https://grepan.ua/2-0-d19.html
"ТЭН для духовки Asel 33 л",https://grepan.ua/asel-33.html
"ТЭН для духовки Asel 40 л",https://grepan.ua/asel-40.html
"ТЭН для духовки Vesta 0,8 кВт (верхний)",https://grepan.ua/vesta-0-8.html
"ТЭН для духовки Vesta 1,2 кВт (нижний)",https://grepan.ua/vesta-1-2.html
"ТЭН для духовки Лысва 0,8 кВт (верхний)",https://grepan.ua/0-8.html
"ТЭН для духовки CLATRONIC 1,3 кВт (нижний)",https://grepan.ua/clatronic-1-3.html
"ТЭН для духовки EFBA 350 Вт Волна",https://grepan.ua/efba-350.html
"ТЭН для духовки EFBA 300 Вт 400 мм",https://grepan.ua/efba-300-400.html
"ТЭН для дух. SCARLETT 255 Вт 300 мм",https://grepan.ua/scarlett-255-300.html
"ТЭН для дух. Ardo (0,7+1,8) 2,5 кВт",https://grepan.ua/ardo-0-7-1-8-2-5.html
"ТЭН для дух. Beko 1,3 кВт",https://grepan.ua/beko-1-3.html
"ТЭН для дух. Beko (1,5+2,0) 3,5 кВт",https://grepan.ua/beko-1-5-2-0-3-5.html
"ТЭН для дух. Beko 1,2 кВт",https://grepan.ua/beko-1-2.html
"ТЭН для дух. Candy 1,3 кВт",https://grepan.ua/candy-1-3.html
"ТЭН Турбо 2,5 кВт",https://grepan.ua/2-5-d19.html
"ТЭН Турбо 2,2 кВт ",https://grepan.ua/2-2-d19.html
"ТЭН для дух. Electrolux 3,1 кВт",https://grepan.ua/electrolux-3-1.html
"ТЭН для дух.De Luxe 2,2 кВт",https://grepan.ua/de-luxe-2-2.html
"ТЭН для дух. Ardo 1,6 кВт",https://grepan.ua/ardo-1-6.html
"Терморегулятор Thermowatt(original) TW RTM 15 A",https://grepan.ua/thermowatt-original-tw-rtm-15-a.html
"Терморегулятор RTS/3 16 A",https://grepan.ua/rts-3-16-a.html
"Терморегулятор R-T-S /3 16 A с ""флажком""",https://grepan.ua/r-t-s-3-16-a.html
"Терморегулятор R-T-S/3 20 A",https://grepan.ua/r-t-s-3-20-a.html
"Терморегулятор R-T-S/3 20 A с ""флажком""",https://grepan.ua/r-t-s-3-20-a-1.html
"Терморегулятор TAS 15 A",https://grepan.ua/tas-15-a.html
"Терморегулятор TAS 15 A с ""флажком""",https://grepan.ua/tas-15-a-1.html
"Терморегулятор TRS/77 FIRT 20 A",https://grepan.ua/trs-77-firt-20-a.html
"Терморегулятор RTR 20 A",https://grepan.ua/rtr-20-a.html
"Терморегулятор COTHERM TSE 16 A (аналог)",https://grepan.ua/cotherm-tse-16-a.html
"Терморегулятор Sanal капиллярный 30-85°С",https://grepan.ua/sanal-30-85.html
"Терморегулятор Sanal капиллярный 30-110˚С",https://grepan.ua/sanal-30-110.html
"Терморегулятор Sanal капиллярный 30-150˚С",https://grepan.ua/sanal-30-150.html
"Терморегулятор Sanal капиллярный 60-200˚С",https://grepan.ua/sanal-60-200.html
"Терморегулятор Balcik ISI капиллярный 30-90˚С",https://grepan.ua/balcik-30-90.html
"Терморегулятор Sanal капиллярный 50-320˚С",https://grepan.ua/sanal-50-320.html
"Электрокаменка для сауны",https://grepan.ua/jelektrokamenka-dlja-sauny.html
"Блок-ТЭН 4,5 кВт 1,5""",https://grepan.ua/4-5-1-5.html
"Блок-ТЭН 6,0 кВт 1,5""",https://grepan.ua/6-0-1-5.html
"Блок-ТЭН 7,5 кВт 1,5""",https://grepan.ua/7-5-1-5.html
"Блок-ТЭН 9,0 кВт 1,5""",https://grepan.ua/9-0-1-5.html
"Блок-ТЭН 6,0 кВт 2""",https://grepan.ua/6-0-2.html
"Блок-ТЭН 7,5 кВт 2""",https://grepan.ua/7-5-2.html
"Блок-ТЭН 9,0 кВт 2""",https://grepan.ua/9-0-2.html
"Блок-ТЭН 12,0 кВт 2""",https://grepan.ua/12-0-2.html
"Блок-ТЭН 15,0 кВт 2""",https://grepan.ua/15-0-2.html
"ТЭН Атмор (1 ТЭН) 3,5 кВт",https://grepan.ua/1-3-5.html
"ТЭН Атмор (2 ТЭНa) 5,5 кВт",https://grepan.ua/2-a-5-5.html
"ТЭН Атмор (2 ТЭНа) 5,0 кВт",https://grepan.ua/2-5-0.html
"ТЭН Атмор (2 ТЭНa) 8,5 кВт",https://grepan.ua/2-a-8-5.html
"ТЭН для кулера №1 ""Мини""",https://grepan.ua/1-0-5-1.html
"ТЭН для кулера №2 ""Маленький""",https://grepan.ua/2-25.html
"ТЭН для кулера №3 ""Средний""",https://grepan.ua/3-19.html
"ТЭН для кулера №4 ""Большой""",https://grepan.ua/4-5.html
"ТЭН для кулера №5 ""Средний"" Фланец нержавейка",https://grepan.ua/n5.html
"ТЭН для стиральной машины 1700 Вт 170 мм",https://grepan.ua/1700-170.html
"ТЭН для стиральных машин 3000 Вт 280 мм",https://grepan.ua/3000-280.html
"ТЭН для стиральной машины с резким загибом 2100 Вт",https://grepan.ua/2100.html
"ТЭН для стиральной машины c плавным загибом 2100 Вт",https://grepan.ua/c-2100.html
"ТЭН для стиральной машины 1900 Вт 180 мм",https://grepan.ua/1900-180.html
"ТЭН для стиральной машины 2000 Вт 200 мм",https://grepan.ua/2000-200.html
"ТЭН для стиральной машины 2000 Вт 220 мм",https://grepan.ua/2000-220.html
"ТЭН для стиральной машины 1950 Вт 240 мм",https://grepan.ua/1950-240.html
"ТЭН для стиральной машины 2000 Вт 250мм",https://grepan.ua/2000-250.html
"ТЭН для стиральной машины 2000 Вт 280мм",https://grepan.ua/2000-280.html
"ТЭН для стиральной машины с резким загибом 1950 Вт",https://grepan.ua/1950.html
"ТЭН для стиральной машины c плавным загибом 1950 Вт",https://grepan.ua/c-1950.html
"ТЭН для стиральной машины без внутренней петли 800 Вт",https://grepan.ua/800.html
"ТЭН для стиральной машины без внутренней петли 1250 Вт",https://grepan.ua/1250.html
"ТЭН для инкубатора №1",https://grepan.ua/0-5.html
"Прокладка для Ariston овальная",https://grepan.ua/ariston-5.html
"Прокладка для бойлеров 108 мм",https://grepan.ua/108.html
"Прокладка ТЭНа в бойлере 92 мм",https://grepan.ua/92.html
"Прокладка для бойлера 105 мм",https://grepan.ua/105.html
"Прокладка для ТЭНа 130 мм",https://grepan.ua/130.html
"Прокладка ТЭНа в бойлер 127 мм",https://grepan.ua/127.html
"Прокладка со смещенным центром",https://grepan.ua/prokladka-so-smeschennym-centrom.html
"Прокладка для ТЭНа в бойлер 63 мм",https://grepan.ua/63.html
"Прокладка под Gorenje",https://grepan.ua/gorenje.html
"Прокладка для водонагревателя Termal 157 мм",https://grepan.ua/termal-157.html
"Прокладка резиновая 122 мм",https://grepan.ua/122.html
"Прокладка для Ariston AQUAHOT",https://grepan.ua/ariston-aquahot.html
"ТЭН для шаурмы 2,0 кВт",https://grepan.ua/1-0.html
"ТЭН для шаурмы 1,0 кВт",https://grepan.ua/2-0-8.html
"Фланец для сухих ТЭНов в Gorenje",https://grepan.ua/flanec-dlja-suhih-tjenov-v-goren-e.html
"Фланец для бойлера Electrolux",https://grepan.ua/flanec-dlja-bojlera-jelektroljuks.html
"ТЭН для бойлера №1 медь",https://grepan.ua/tjen-dlja-bojlera-1-med.html
"ТЭН для бойлера №1 нерж",https://grepan.ua/tjen-dlja-bojlera-1-nerzh.html
"ТЭН для бойлера №1 медь",https://grepan.ua/tjen-dlja-bojlera-1-med-290.html
"ТЭН для бойлера №1 нерж",https://grepan.ua/tjen-dlja-bojlera-1-nerzh-291.html
"ТЭН для бойлера №2 медь",https://grepan.ua/tjen-dlja-bojlera-2-med.html
"ТЭН для бойлера №2 нерж",https://grepan.ua/tjen-dlja-bojlera-2-nerzh.html
"ТЭН для бойлера №3 медь",https://grepan.ua/tjen-dlja-bojlera-3-med.html
"ТЭН для бойлера №3 нерж",https://grepan.ua/tjen-dlja-bojlera-3-nerzh.html
"ТЭН для бойлера №4 медь",https://grepan.ua/tjen-dlja-bojlera-4-med.html
"ТЭН для бойлера №4 нерж",https://grepan.ua/tjen-dlja-bojlera-4-nerzh.html
"ТЭН для бойлера №5 медь",https://grepan.ua/tjen-dlja-bojlera-5-med.html
"ТЭН для бойлера №5 нерж",https://grepan.ua/tjen-dlja-bojlera-5-nerzh.html
"ТЭН для бойлера №6 медь",https://grepan.ua/tjen-dlja-bojlera-6-med.html
"ТЭН для бойлера №6 нерж",https://grepan.ua/tjen-dlja-bojlera-6-nerzh.html
"ТЭН для бойлера №7 медь",https://grepan.ua/tjen-dlja-bojlera-7-med.html
"ТЭН для бойлера №7 нерж",https://grepan.ua/tjen-dlja-bojlera-7-nerzh.html
"ТЭН для бойлера №8 медь",https://grepan.ua/tjen-dlja-bojlera-8-med.html
"ТЭН для бойлера №8 нерж",https://grepan.ua/tjen-dlja-bojlera-8-nerzh.html
"ТЭН для бойлера №9 медь",https://grepan.ua/tjen-dlja-bojlera-9-med.html
"ТЭН для бойлера №9 нерж",https://grepan.ua/tjen-dlja-bojlera-9-nerzh.html
"ТЭН для бойлера №10 медь",https://grepan.ua/tjen-dlja-bojlera-10-med.html
"ТЭН для бойлера №10 нерж",https://grepan.ua/tjen-dlja-bojlera-10-nerzh.html
"ТЭН для бойлера №11 медь",https://grepan.ua/tjen-dlja-bojlera-11-med.html
"ТЭН для бойлера №11 нерж",https://grepan.ua/tjen-dlja-bojlera-11-nerzh.html
"ТЭН для бойлера №12 медь",https://grepan.ua/tjen-dlja-bojlera-12-med.html
"ТЭН для бойлера №12 нерж",https://grepan.ua/tjen-dlja-bojlera-12-nerzh.html
"ТЭН для бойлера №14 нерж",https://grepan.ua/tjen-dlja-bojlera-14-nerzh.html
"ТЭН для бойлера №13 нерж",https://grepan.ua/tjen-dlja-bojlera-13-nerzh.html
"ТЭН для бойлера №14 медь",https://grepan.ua/tjen-dlja-bojlera-14-med.html
"ТЭН для бойлера №15 медь",https://grepan.ua/tjen-dlja-bojlera-15-med.html
"ТЭН для бойлера №15 нерж",https://grepan.ua/tjen-dlja-bojlera-15-nerzh.html
"ТЭН для бойлера №16 медь",https://grepan.ua/tjen-dlja-bojlera-16-med.html
"ТЭН для бойлера №16 нерж",https://grepan.ua/tjen-dlja-bojlera-16-nerzh.html
"ТЭН для бойлера №17 медь",https://grepan.ua/tjen-dlja-bojlera-17-med.html
"ТЭН для бойлера №17 нерж",https://grepan.ua/tjen-dlja-bojlera-17-nerzh.html
"ТЭН для бойлера №18 медь",https://grepan.ua/tjen-dlja-bojlera-18-med.html
"ТЭН для бойлера №18 нерж",https://grepan.ua/tjen-dlja-bojlera-18-nerzh.html
"ТЭН для бойлера №19 медь",https://grepan.ua/tjen-dlja-bojlera-19-med.html
"ТЭН для бойлера №19 нерж",https://grepan.ua/tjen-dlja-bojlera-19-nerzh.html
"ТЭН для бойлера №20 медь",https://grepan.ua/tjen-dlja-bojlera-20-med.html
"ТЭН для бойлера №20 нерж",https://grepan.ua/tjen-dlja-bojlera-20-nerzh.html
"ТЭН для бойлера №11 медь.",https://grepan.ua/tjen-dlja-bojlera-11-med-349.html
"ТЭН для бойлера №11 нерж.",https://grepan.ua/tjen-dlja-bojlera-11-nerzhav.html
"ТЭН для бойлера №22 медь",https://grepan.ua/tjen-dlja-bojlera-22-med.html
"ТЭН для бойлера №22 нерж",https://grepan.ua/tjen-dlja-bojlera-22-nerzh.html
"ТЭН для бойлера №23 медь",https://grepan.ua/tjen-dlja-bojlera-23-med.html
"ТЭН для бойлера №23 нерж",https://grepan.ua/tjen-dlja-bojlera-23-nerzh.html
"ТЭН для бойлера №24 медь",https://grepan.ua/tjen-dlja-bojlera-24-med.html
"ТЭН для бойлера №24 нерж",https://grepan.ua/tjen-dlja-bojlera-24-nerzh.html
"ТЭН для бойлера №25 медь",https://grepan.ua/tjen-dlja-bojlera-25-med.html
"ТЭН для бойлера №25 нерж",https://grepan.ua/tjen-dlja-bojlera-25-nerzh.html
"ТЭН для бойлера №26 медь",https://grepan.ua/tjen-dlja-bojlera-26-med.html
"ТЭН для бойлера №26 нерж",https://grepan.ua/tjen-dlja-bojlera-26-nerzh.html
"ТЭН для бойлера №27 медь",https://grepan.ua/tjen-dlja-bojlera-27-med.html
"ТЭН для бойлера №27 нерж",https://grepan.ua/tjen-dlja-bojlera-27-nerzh.html
"ТЭН для бойлера №28 медь",https://grepan.ua/tjen-dlja-bojlera-28-med.html
"ТЭН для бойлера №28 нерж",https://grepan.ua/tjen-dlja-bojlera-28-nerzh.html
"ТЭН для бойлера №29 медь",https://grepan.ua/tjen-dlja-bojlera-29-med.html
"ТЭН для бойлера №29 нерж",https://grepan.ua/tjen-dlja-bojlera-29-nerzh.html
"ТЭН для бойлера №30 медь",https://grepan.ua/tjen-dlja-bojlera-30-med.html
"ТЭН для бойлера №30 нерж",https://grepan.ua/tjen-dlja-bojlera-30-nerzh.html
"ТЭН для бойлера №31 медь",https://grepan.ua/tjen-dlja-bojlera-31-med.html
"ТЭН для бойлера №31 нерж",https://grepan.ua/tjen-dlja-bojlera-31-nerzh.html
"ТЭН для бойлера №32 медь",https://grepan.ua/tjen-dlja-bojlera-32-med.html
"ТЭН для бойлера №32 нерж",https://grepan.ua/tjen-dlja-bojlera-32-nerzh.html
"ТЭН для бойлера №33 медь",https://grepan.ua/tjen-dlja-bojlera-33-med.html
"ТЭН для бойлера №33 нерж",https://grepan.ua/tjen-dlja-bojlera-33-nerzh.html
"ТЭН для бойлера №34 медь",https://grepan.ua/tjen-dlja-bojlera-34-med.html
"ТЭН для бойлера №34 нерж",https://grepan.ua/tjen-dlja-bojlera-34-nerzh.html
"ТЭН для бойлера №35 медь",https://grepan.ua/tjen-dlja-bojlera-35-med.html
"ТЭН для бойлера №35 нерж",https://grepan.ua/tjen-dlja-bojlera-35-nerzh.html
"ТЭН для бойлера №36 медь",https://grepan.ua/tjen-dlja-bojlera-36-med.html
"ТЭН для бойлера №36 нерж",https://grepan.ua/tjen-dlja-bojlera-36-nerzh.html
"ТЭН для бойлера №1",https://grepan.ua/1-411.html
"ТЭН для бойлера №2",https://grepan.ua/2.html
"ТЭН для бойлера №3",https://grepan.ua/3.html
"ТЭН для бойлера №4",https://grepan.ua/4.html
"ТЭН для бойлера №5",https://grepan.ua/5.html
"ТЭН для бойлера №6",https://grepan.ua/6.html
"ТЭН для бойлера №7",https://grepan.ua/7.html
"ТЭН для бойлера №8",https://grepan.ua/8.html
"ТЭН для бойлера №9",https://grepan.ua/9.html
"ТЭН для бойлера №10",https://grepan.ua/10.html
"ТЭН для бойлера №11",https://grepan.ua/11.html
"ТЭН для бойлера №12",https://grepan.ua/12-419.html
"ТЭН для бойлера №13",https://grepan.ua/13.html
"ТЭН для бойлера №14",https://grepan.ua/14.html
"ТЭН для бойлера №15",https://grepan.ua/15.html
"ТЭН для бойлера №16",https://grepan.ua/16.html
"ТЭН для бойлера №17",https://grepan.ua/17.html
"ТЭН для бойлера №18",https://grepan.ua/18.html
"ТЭН для бойлера №19",https://grepan.ua/19.html
"ТЭН для бойлера №20",https://grepan.ua/20.html
"ТЭН для бойлера №21",https://grepan.ua/11b.html
"ТЭН для бойлера №22",https://grepan.ua/22.html
"ТЭН для бойлера №23",https://grepan.ua/23.html
"ТЭН для бойлера №24",https://grepan.ua/24-431.html
"ТЭН для бойлера №25",https://grepan.ua/25.html
"ТЭН для бойлера №26",https://grepan.ua/26.html
"ТЭН для бойлера №27",https://grepan.ua/27.html
"ТЭН для бойлера №28",https://grepan.ua/28.html
"ТЭН для бойлера №29",https://grepan.ua/29.html
"ТЭН для бойлера №30",https://grepan.ua/30.html
"ТЭН для бойлера №31",https://grepan.ua/31.html
"ТЭН для бойлера №32",https://grepan.ua/32.html
"ТЭН для бойлера №33",https://grepan.ua/33.html
"ТЭН для бойлера №34",https://grepan.ua/34.html
"ТЭН для бойлера №35",https://grepan.ua/35.html
"ТЭН для бойлера №36",https://grepan.ua/36.html
"ТЭН для автоклава 2,0 кВт",https://grepan.ua/tjen-dlja-avtoklava-2-0-kvt.html
"Дистиллятор медный 3,0 кВт спиралевидный",https://grepan.ua/distilljator-mednyj-3-0-kvt-spiralevidnyj.html
"Дистиллятор медный 2,0 кВт М14х1,5 спиралевидный",https://grepan.ua/distilljator-mednyj-2-0-kvt-m16h1-5-spiralevidnyj.html
"Дистиллятор медный 2,5 кВт М14х1,5 спиралевидный",https://grepan.ua/distilljator-mednyj-2-5-kvt-m16h1-5-spiralevidnyj.html
"Дистиллятор 1,0 кВт медный",https://grepan.ua/distilljator-1-0-kvt-mednyj.html
"Дистиллятор 1,5 кВт медный",https://grepan.ua/distilljator-1-5-kvt-mednyj.html
"Дистиллятор 2,0 кВт медный",https://grepan.ua/distilljator-2-0-kvt-mednyj.html
"Дистиллятор 2,5 кВт медный",https://grepan.ua/distilljator-2-5-kvt-mednyj.html
"Дистиллятор 3,0 кВт медный",https://grepan.ua/distilljator-3-0-kvt-mednyj.html
"Дистиллятор 1,0 кВт медный гнутый",https://grepan.ua/distilljator-1-0-kvt-mednyj-gnutyj.html
"Дистиллятор 1,5 кВт медный гнутый",https://grepan.ua/distilljator-1-5-kvt-mednyj-gnutyj.html
"Дистиллятор 2,0 кВт медный гнутый",https://grepan.ua/distilljator-2-0-kvt-mednyj-gnutyj.html
"Дистиллятор 2,5 кВт медный гнутый",https://grepan.ua/distilljator-2-5-kvt-mednyj-gnutyj.html
"Дистиллятор 3,0 кВт медный гнутый",https://grepan.ua/distilljator-3-0-kvt-mednyj-gnutyj.html
"Дистиллятор 3,0 кВт медный скрепка",https://grepan.ua/distilljator-3-0-kvt-mednyj-skrepka.html
"Дистиллятор 2,5 кВт медный скрепка",https://grepan.ua/distilljator-2-5-kvt-mednyj-skrepka.html
"Дистиллятор 2,0 кВт медный скрепка",https://grepan.ua/distilljator-2-0-kvt-mednyj-skrepka.html
"Дистиллятор 1,5 кВт медный скрепка",https://grepan.ua/distilljator-1-5-kvt-mednyj-skrepka.html
"Дистиллятор 1,0 кВт медный скрепка",https://grepan.ua/distilljator-1-0-kvt-mednyj-skrepka.html
"Дистиллятор 3,0 кВт медный П-образный",https://grepan.ua/distilljator-3-0-kvt-mednyj-p-obraznyj.html
"Дистиллятор 2,5 кВт медный П-образный",https://grepan.ua/distilljator-2-5-kvt-mednyj-p-obraznyj.html
"Дистиллятор 2,0 кВт медный П-образный",https://grepan.ua/distilljator-2-0-kvt-mednyj-p-obraznyj.html
"Дистиллятор 1,5 кВт медный П-образный",https://grepan.ua/distilljator-1-5-kvt-mednyj-p-obraznyj.html
"Дистиллятор 1,0 кВт медный П-образный",https://grepan.ua/distilljator-1-0-kvt-mednyj-p-obraznyj.html
"Дистиллятор медный 2,0 кВт М16х1,5 спиралевидный",https://grepan.ua/distilljator-mednyj-2-0-kvt-m18h1-5-spiralevidnyj.html
"Дистиллятор медный 2,5 кВт М16х1,5 спиралевидный",https://grepan.ua/distilljator-mednyj-2-5-kvt-m18h1-5-spiralevidnyj.html
"ТЭН для парогенератора 2,0 кВт",https://grepan.ua/tjen-dlja-parogeneratora-2-0-kvt.html
"ТЭН для автоклава 2,5 кВт",https://grepan.ua/tjen-dlja-avtoklava-2-5-kvt.html
"Нагреватель для сауны GREPAN 18 кВт",https://grepan.ua/nagrevatel-dlja-sauny-grepan.html
"ТЭН для котла 9,0 кВт",https://grepan.ua/tjen-dlja-kotla-9-0-kvt.html
"Нагреватель для сауны GREPAN 3 кВт",https://grepan.ua/nagrevatel-dlja-sauny-grepan-3-kvt.html
"Нагреватель для сауны GREPAN 4,5 кВт (6 ТЭНов)",https://grepan.ua/nagrevatel-dlja-sauny-grepan-4-5-kvt-6-tjenov.html
"Нагреватель для сауны GREPAN 4,5 кВт (4 ТЭНа)",https://grepan.ua/nagrevatel-dlja-sauny-grepan-4-5-kvt-4-tjena.html
"Нагреватель для сауны GREPAN 6 кВт",https://grepan.ua/nagrevatel-dlja-sauny-grepan-6-kvt.html
"Нагреватель для сауны GREPAN 7,5 кВт",https://grepan.ua/nagrevatel-dlja-sauny-grepan-7-5-kvt.html
"Нагреватель для сауны GREPAN 9 кВт",https://grepan.ua/nagrevatel-dlja-sauny-grepan-9-kvt.html
"Нагреватель для сауны GREPAN 12 кВт",https://grepan.ua/nagrevatel-dlja-sauny-grepan-12-kvt.html
"Нагреватель для сауны GREPAN 15 кВт",https://grepan.ua/nagrevatel-dlja-sauny-grepan-15-kvt.html
"Блок-ТЭН 4,5 кВт 2""",https://grepan.ua/6-0-11.html
"ТЭН для мармита",https://grepan.ua/tjen-dlja-marmita.html
"ТЭН для пивоварения",https://grepan.ua/tjen-dlja-pivovarenija.html
"ТЭН для фруктосушки",https://grepan.ua/tjen-dlja-fruktosushki.html
"Блок-ТЭН 4,5 кВт 220/380B на стальной пластине ",https://grepan.ua/blok-tjen-ot-4-5-kvt-220-380d-na-stal-noj-plastine.html
"Блок-ТЭН 6,0 кВт 220/380B на стальной пластине ",https://grepan.ua/blok-tjen-6-0-kvt-220-380d-na-stal-noj-plastine.html
"Блок-ТЭН 9,0 кВт 220/380B на стальной пластине ",https://grepan.ua/blok-tjen-9-0-kvt-220-380d-na-stal-noj-plastine.html
"Блок-ТЭН 12,0 кВт 220/380B на стальной пластине ",https://grepan.ua/blok-tjen-12-0-kvt-220-380d-na-stal-noj-plastine.html
"Блок-ТЭН 15,0 кВт 220/380B на стальной пластине ",https://grepan.ua/blok-tjen-15-0-kvt-220-380d-na-stal-noj-plastine.html
"ТЭН Атмор (1 ТЭН) 3,5кВт медь",https://grepan.ua/tjen-na-protochnik-atmor-med.html
"ТЭН Атмор (2 ТЭНa) 8,5 кВт нерж",https://grepan.ua/tjen-na-protochnik-atmor-ner.html
"ТЭН Атмор (2 ТЭНа) 5,0кВт нерж.",https://grepan.ua/tjen-atmor-2-tjena-5-0kvt-nerzh.html
"ТЭН Атмор (1 ТЭН) 3,5 кВт нерж.",https://grepan.ua/tjen-atmor-1-tjen-3-5-kvt-nerzh.html
"ТЭН Атмор (2 ТЭНа) 5,5 кВт нерж.",https://grepan.ua/tjen-atmor-2-tjena-5-5-kvt-nerzh.html
"ТЭН Атмор (1 ТЭН) 3,5 кВт нерж.",https://grepan.ua/tjen-atmor-1-tjen-3-5-kvt-nerzh-495.html
"ТЭН для инкубатора №2",https://grepan.ua/tjen-dlja-inkubatora-2.html
"ТЭН для инкубатора №3",https://grepan.ua/tjen-dlja-inkubatora-3.html
"ТЭН для инкубатора №4",https://grepan.ua/tjen-dlja-inkubatora-4.html
"ТЭН для инкубатора №5",https://grepan.ua/tjen-dlja-inkubatora-5.html
"ТЭН для инкубатора №6",https://grepan.ua/tjen-dlja-inkubatora-6.html
"Блок-ТЭН 2,5"" внутренняя резьба для электрокотла ""ЭКО-2""",https://grepan.ua/blok-tjen-2-5-vnutrennjaja-rez-ba-dlja-jelektrokotla-jeko-2.html
"Фланец для сухих ТЭНов Tesy",https://grepan.ua/flanec-dlja-suhih-tjenov-tesy.html
"ТЭН для кулера №6 ""Большой"" Фланец нержавейка",https://grepan.ua/tjen-dlja-kulera-6-bol-shoj-flanec-nerzhavejka.html
"П-образка 1,0 кВт черн.",https://grepan.ua/1-0-22-1-5-5.html
"П-образка 1,5 кВт черн.",https://grepan.ua/1-5-22-1-5-5.html
"П-образка 2,0 кВт черн.",https://grepan.ua/2-0-22-1-5-5.html
"П-образка 2,5 кВт черн.",https://grepan.ua/2-5-22-1-5-5.html
" ТЭН для бойлера типа Ariston 1,2 кВт; 1,5 кВт",https://grepan.ua/tjen-dlja-bojlera-tipa-ariston-1-2-kvt-1-5-kvt.html
" ТЭН для бойлера типа Ariston 2,0 кВт",https://grepan.ua/tjen-dlja-bojlera-tipa-ariston-1-2-kvt-1-5-kvt-509.html
"Батарейный 1 1/4"" ТЭН 0,5 кВт; 0,7 кВт",https://grepan.ua/batarejnyj-1-1-4-tjen-0-5-0-7kvt.html
"Батарейный 1 1/4"" ТЭН 1,0 кВт",https://grepan.ua/batarejnyj-1-1-4-tjen-0-5-0-7kvt-523.html
"Батарейный 1 1/4"" ТЭН 1,2 кВт",https://grepan.ua/batarejnyj-1-1-4-tjen-0-5-0-7kvt-524.html
"Батарейный 1 1/4"" ТЭН 1,5 кВт",https://grepan.ua/batarejnyj-1-1-4-tjen-0-5-0-7kvt-525.html
"Батарейный 1 1/4"" ТЭН 2,0 кВт",https://grepan.ua/batarejnyj-1-1-4-tjen-0-5-0-7kvt-526.html
"Универсальная конфорка для электроплиты №1",https://grepan.ua/universal-naja-konforka-dlja-jelektroplity-1.html
"Универсальная конфорка для электроплиты №2",https://grepan.ua/universal-naja-konforka-dlja-jelektroplity-2.html
"Универсальная конфорка для электроплиты №3",https://grepan.ua/universal-naja-konforka-dlja-jelektroplity-3.html
"ТЭН для воды ""скрепка"" 5,0 кВт",https://grepan.ua/tjen-dlja-vody-skrepka-5-kvt.html
"ТЭН для воды ""скрепка"" 4,0 кВт",https://grepan.ua/tjen-dlja-vody-skrepka-4-0-kvt.html
"ТЭН нерж. ""Бабочка"" 1 кВт",https://grepan.ua/1-412.html
"ТЭН для умывальника (рукомойника) 1,25 кВт",https://grepan.ua/tjen-dlja-umyval-nika-rukomojnika-1-25-kvt.html
"ТЭН для бойлера №37",https://grepan.ua/37.html
"ТЭН для бойлера №37 нерж",https://grepan.ua/tjen-dlja-bojlera-37-nerzh.html
"ТЭН для бойлера №37 медь",https://grepan.ua/tjen-dlja-bojlera-37-med.html
"ТЭН для бойлера №38 медь",https://grepan.ua/tjen-dlja-bojlera-38-med.html
"ТЭН для бойлера №38 нерж",https://grepan.ua/tjen-dlja-bojlera-38-nerzh.html
"ТЭН для бойлера №38",https://grepan.ua/37-527.html
"ТЭН для бойлера №39",https://grepan.ua/39.html
"ТЭН для бойлера №39 нерж",https://grepan.ua/tjen-dlja-bojlera-39-nerzh.html
"ТЭН для бойлера №39 медь",https://grepan.ua/tjen-dlja-bojlera-39-med.html
"ТЭН для бойлера №40 нерж",https://grepan.ua/tjen-dlja-bojlera-40-nerzh.html
"ТЭН для бойлера №40 медь",https://grepan.ua/tjen-dlja-bojlera-40-med.html
"ТЭН для бойлера №40",https://grepan.ua/40.html
"ТЭН для бойлера №41",https://grepan.ua/41.html
"ТЭН для бойлера №41 нерж",https://grepan.ua/tjen-dlja-bojlera-41-nerzh.html
"ТЭН для бойлера №41 медь",https://grepan.ua/tjen-dlja-bojlera-41-med.html
"ТЭН для бойлера №42",https://grepan.ua/42.html
"ТЭН для бойлера №42 нерж",https://grepan.ua/tjen-dlja-bojlera-42-nerzh.html
"ТЭН для бойлера №42 медь",https://grepan.ua/tjen-dlja-bojlera-42-med.html
"ТЭН для бойлера №43",https://grepan.ua/43.html
"ТЭН для бойлера №43 медь",https://grepan.ua/tjen-dlja-bojlera-43-med.html
"ТЭН для бойлера №43 нерж",https://grepan.ua/tjen-dlja-bojlera-43-nerzh.html
"ТЭН для фритюрниц",https://grepan.ua/tjen-dlja-fritjurnicy.html
"ТЭН для алюминиевого радиатора с термодатчиком 0,7 кВт",https://grepan.ua/tjen-dlja-aljuminievogo-radiatora-s-termodatchikom.html
"ТЭН для алюминиевого радиатора с термодатчиком 1,0 кВт",https://grepan.ua/tjen-dlja-aljuminievogo-radiatora-s-termodatchikom-548.html
"ТЭН для алюминиевого радиатора с термодатчиком 1,2 кВт",https://grepan.ua/tjen-dlja-aljuminievogo-radiatora-s-termodatchikom-549.html
"ТЭН для алюминиевого радиатора с термодатчиком 1,5 кВт",https://grepan.ua/tjen-dlja-aljuminievogo-radiatora-s-termodatchikom-550.html
